id,first_name,last_name,email,gender,ip_address
1,Jenny,Orgill,jorgill0@webmd.com,Agender,99.231.134.62
2,Scott,Pierrepont,spierrepont1@gov.uk,Genderqueer,190.25.94.161
3,Saudra,Yeend,syeend2@dion.ne.jp,Genderqueer,150.210.224.147
4,Astra,Purcell,apurcell3@guardian.co.uk,Agender,66.145.56.208
5,Benita,Stollery,bstollery4@tamu.edu,Agender,29.67.213.21
6,Gaultiero,Pods,gpods5@nifty.com,Agender,167.164.140.223
7,Elisa,Stuehmeier,estuehmeier6@csmonitor.com,Genderqueer,73.250.201.68
8,Benyamin,Blampy,bblampy7@slideshare.net,Bigender,117.180.183.220
9,Meara,Giroldi,mgiroldi8@nymag.com,Non-binary,46.220.70.62
10,Rockey,Siemons,rsiemons9@tripod.com,Genderqueer,255.70.24.245
11,Taryn,OHare,tohare2r@gnu.org,Genderfluid,143.181.125.229
